Id,label
test_128/0.png,1
test_128/1.png,1
test_128/10.png,4
test_128/100.png,1
test_128/1000.png,0
test_128/1001.png,4
test_128/1002.png,4
test_128/1003.png,0
test_128/1004.png,0
test_128/1005.png,4
test_128/1006.png,4
test_128/1007.png,4
test_128/1008.png,4
test_128/1009.png,4
test_128/101.png,1
test_128/1010.png,4
test_128/1011.png,1
test_128/1012.png,1
test_128/1013.png,1
test_128/1014.png,2
test_128/1015.png,2
test_128/1016.png,2
test_128/1017.png,2
test_128/1018.png,2
test_128/1019.png,2
test_128/102.png,2
test_128/1020.png,2
test_128/1021.png,2
test_128/1022.png,3
test_128/1023.png,0
test_128/1024.png,0
test_128/1025.png,0
test_128/1026.png,4
test_128/1027.png,4
test_128/1028.png,1
test_128/1029.png,1
test_128/103.png,2
test_128/1030.png,1
test_128/1031.png,2
test_128/1032.png,2
test_128/1033.png,4
test_128/1034.png,2
test_128/1035.png,3
test_128/1036.png,3
test_128/1037.png,0
test_128/1038.png,0
test_128/1039.png,0
test_128/104.png,2
test_128/1040.png,0
test_128/1041.png,0
test_128/1042.png,0
test_128/1043.png,4
test_128/1044.png,4
test_128/1045.png,4
test_128/1046.png,1
test_128/1047.png,1
test_128/1048.png,1
test_128/1049.png,1
test_128/105.png,2
test_128/1050.png,1
test_128/1051.png,1
test_128/1052.png,3
test_128/1053.png,3
test_128/1054.png,0
test_128/1055.png,0
test_128/1056.png,0
test_128/1057.png,0
test_128/1058.png,4
test_128/1059.png,4
test_128/106.png,2
test_128/1060.png,2
test_128/1061.png,2
test_128/1062.png,3
test_128/1063.png,3
test_128/1064.png,3
test_128/1065.png,3
test_128/1066.png,4
test_128/1067.png,4
test_128/1068.png,1
test_128/1069.png,1
test_128/107.png,2
test_128/1070.png,1
test_128/1071.png,1
test_128/1072.png,1
test_128/1073.png,2
test_128/1074.png,2
test_128/1075.png,3
test_128/1076.png,3
test_128/1077.png,3
test_128/1078.png,0
test_128/1079.png,0
test_128/108.png,3
test_128/1080.png,0
test_128/1081.png,0
test_128/1082.png,0
test_128/1083.png,0
test_128/1084.png,4
test_128/1085.png,4
test_128/1086.png,4
test_128/1087.png,1
test_128/1088.png,1
test_128/1089.png,1
test_128/109.png,2
test_128/1090.png,2
test_128/1091.png,2
test_128/1092.png,2
test_128/1093.png,2
test_128/1094.png,3
test_128/1095.png,3
test_128/1096.png,1
test_128/1097.png,3
test_128/1098.png,3
test_128/1099.png,3
test_128/11.png,1
test_128/110.png,3
test_128/1100.png,0
test_128/1101.png,0
test_128/1102.png,4
test_128/1103.png,4
test_128/1104.png,4
test_128/1105.png,1
test_128/1106.png,2
test_128/1107.png,2
test_128/1108.png,3
test_128/1109.png,3
test_128/111.png,3
test_128/1110.png,3
test_128/1111.png,0
test_128/1112.png,0
test_128/1113.png,0
test_128/1114.png,0
test_128/1115.png,4
test_128/1116.png,1
test_128/1117.png,1
test_128/1118.png,1
test_128/1119.png,1
test_128/112.png,3
test_128/1120.png,1
test_128/1121.png,2
test_128/1122.png,2
test_128/1123.png,3
test_128/1124.png,3
test_128/1125.png,0
test_128/1126.png,0
test_128/1127.png,0
test_128/1128.png,4
test_128/1129.png,1
test_128/113.png,3
test_128/1130.png,1
test_128/1131.png,2
test_128/1132.png,2
test_128/1133.png,3
test_128/1134.png,3
test_128/1135.png,3
test_128/1136.png,0
test_128/1137.png,0
test_128/1138.png,0
test_128/1139.png,0
test_128/114.png,3
test_128/1140.png,4
test_128/1141.png,4
test_128/1142.png,4
test_128/1143.png,1
test_128/1144.png,2
test_128/1145.png,2
test_128/1146.png,2
test_128/1147.png,2
test_128/1148.png,3
test_128/1149.png,0
test_128/115.png,3
test_128/1150.png,0
test_128/1151.png,0
test_128/1152.png,4
test_128/1153.png,4
test_128/1154.png,1
test_128/1155.png,1
test_128/1156.png,2
test_128/1157.png,2
test_128/1158.png,2
test_128/1159.png,3
test_128/116.png,3
test_128/1160.png,0
test_128/1161.png,0
test_128/1162.png,0
test_128/1163.png,4
test_128/1164.png,1
test_128/1165.png,2
test_128/1166.png,3
test_128/1167.png,3
test_128/1168.png,3
test_128/1169.png,0
test_128/117.png,3
test_128/1170.png,0
test_128/1171.png,4
test_128/1172.png,4
test_128/1173.png,4
test_128/1174.png,4
test_128/1175.png,1
test_128/1176.png,1
test_128/1177.png,1
test_128/1178.png,1
test_128/1179.png,1
test_128/118.png,3
test_128/1180.png,2
test_128/1181.png,2
test_128/1182.png,3
test_128/1183.png,3
test_128/1184.png,3
test_128/1185.png,4
test_128/1186.png,2
test_128/1187.png,0
test_128/1188.png,0
test_128/1189.png,0
test_128/119.png,3
test_128/1190.png,0
test_128/1191.png,0
test_128/1192.png,4
test_128/1193.png,4
test_128/1194.png,1
test_128/1195.png,1
test_128/1196.png,2
test_128/1197.png,1
test_128/1198.png,1
test_128/1199.png,2
test_128/12.png,2
test_128/120.png,3
test_128/1200.png,0
test_128/1201.png,2
test_128/1202.png,2
test_128/1203.png,3
test_128/1204.png,3
test_128/1205.png,0
test_128/1206.png,3
test_128/1207.png,0
test_128/1208.png,4
test_128/1209.png,4
test_128/121.png,0
test_128/1210.png,1
test_128/1211.png,1
test_128/1212.png,1
test_128/1213.png,1
test_128/1214.png,2
test_128/1215.png,2
test_128/1216.png,2
test_128/1217.png,3
test_128/1218.png,3
test_128/1219.png,0
test_128/122.png,0
test_128/1220.png,0
test_128/1221.png,0
test_128/1222.png,0
test_128/1223.png,0
test_128/1224.png,1
test_128/1225.png,1
test_128/1226.png,1
test_128/1227.png,1
test_128/1228.png,2
test_128/1229.png,2
test_128/123.png,0
test_128/1230.png,3
test_128/1231.png,2
test_128/1232.png,2
test_128/1233.png,3
test_128/1234.png,4
test_128/1235.png,0
test_128/1236.png,0
test_128/1237.png,0
test_128/1238.png,0
test_128/1239.png,0
test_128/124.png,0
test_128/1240.png,0
test_128/1241.png,4
test_128/1242.png,4
test_128/1243.png,4
test_128/1244.png,4
test_128/1245.png,4
test_128/1246.png,1
test_128/1247.png,1
test_128/1248.png,2
test_128/1249.png,2
test_128/125.png,0
test_128/1250.png,2
test_128/1251.png,2
test_128/1252.png,2
test_128/1253.png,2
test_128/1254.png,3
test_128/1255.png,3
test_128/1256.png,3
test_128/1257.png,4
test_128/1258.png,4
test_128/1259.png,4
test_128/126.png,0
test_128/1260.png,4
test_128/1261.png,1
test_128/1262.png,1
test_128/1263.png,1
test_128/1264.png,2
test_128/1265.png,3
test_128/1266.png,3
test_128/1267.png,3
test_128/1268.png,4
test_128/1269.png,3
test_128/127.png,0
test_128/1270.png,0
test_128/1271.png,4
test_128/1272.png,4
test_128/1273.png,4
test_128/1274.png,4
test_128/1275.png,4
test_128/1276.png,1
test_128/1277.png,1
test_128/1278.png,0
test_128/1279.png,2
test_128/128.png,4
test_128/1280.png,2
test_128/1281.png,2
test_128/1282.png,2
test_128/1283.png,2
test_128/1284.png,3
test_128/1285.png,0
test_128/1286.png,0
test_128/1287.png,4
test_128/1288.png,4
test_128/1289.png,4
test_128/129.png,4
test_128/1290.png,4
test_128/1291.png,4
test_128/1292.png,4
test_128/1293.png,0
test_128/1294.png,2
test_128/1295.png,2
test_128/1296.png,0
test_128/1297.png,0
test_128/1298.png,0
test_128/1299.png,3
test_128/13.png,2
test_128/130.png,1
test_128/1300.png,0
test_128/1301.png,0
test_128/1302.png,0
test_128/1303.png,0
test_128/1304.png,0
test_128/1305.png,0
test_128/1306.png,0
test_128/1307.png,0
test_128/1308.png,4
test_128/1309.png,4
test_128/131.png,1
test_128/1310.png,4
test_128/1311.png,4
test_128/1312.png,1
test_128/1313.png,1
test_128/1314.png,1
test_128/1315.png,2
test_128/1316.png,2
test_128/1317.png,2
test_128/1318.png,4
test_128/1319.png,3
test_128/132.png,0
test_128/1320.png,0
test_128/1321.png,0
test_128/1322.png,4
test_128/1323.png,1
test_128/1324.png,1
test_128/1325.png,1
test_128/1326.png,2
test_128/1327.png,2
test_128/1328.png,2
test_128/1329.png,2
test_128/133.png,1
test_128/1330.png,2
test_128/1331.png,3
test_128/1332.png,0
test_128/1333.png,3
test_128/1334.png,3
test_128/1335.png,3
test_128/1336.png,4
test_128/1337.png,3
test_128/1338.png,4
test_128/1339.png,4
test_128/134.png,2
test_128/1340.png,1
test_128/1341.png,1
test_128/1342.png,1
test_128/1343.png,1
test_128/1344.png,1
test_128/1345.png,2
test_128/1346.png,2
test_128/1347.png,2
test_128/1348.png,2
test_128/1349.png,3
test_128/135.png,2
test_128/1350.png,3
test_128/1351.png,0
test_128/1352.png,0
test_128/1353.png,0
test_128/1354.png,4
test_128/1355.png,4
test_128/1356.png,4
test_128/1357.png,1
test_128/1358.png,2
test_128/1359.png,2
test_128/136.png,3
test_128/1360.png,2
test_128/1361.png,2
test_128/1362.png,3
test_128/1363.png,3
test_128/1364.png,3
test_128/1365.png,2
test_128/1366.png,0
test_128/1367.png,4
test_128/1368.png,4
test_128/1369.png,1
test_128/137.png,3
test_128/1370.png,1
test_128/1371.png,2
test_128/1372.png,2
test_128/1373.png,3
test_128/1374.png,3
test_128/1375.png,3
test_128/1376.png,3
test_128/1377.png,0
test_128/1378.png,0
test_128/1379.png,4
test_128/138.png,3
test_128/1380.png,4
test_128/1381.png,1
test_128/1382.png,1
test_128/1383.png,1
test_128/1384.png,1
test_128/1385.png,1
test_128/1386.png,1
test_128/1387.png,2
test_128/1388.png,2
test_128/1389.png,3
test_128/139.png,0
test_128/1390.png,3
test_128/1391.png,0
test_128/1392.png,0
test_128/1393.png,0
test_128/1394.png,4
test_128/1395.png,4
test_128/1396.png,4
test_128/1397.png,4
test_128/1398.png,1
test_128/1399.png,1
test_128/14.png,2
test_128/140.png,0
test_128/1400.png,2
test_128/1401.png,2
test_128/1402.png,2
test_128/1403.png,2
test_128/1404.png,2
test_128/1405.png,2
test_128/1406.png,3
test_128/1407.png,3
test_128/1408.png,3
test_128/1409.png,3
test_128/141.png,0
test_128/1410.png,3
test_128/1411.png,0
test_128/1412.png,0
test_128/1413.png,4
test_128/1414.png,4
test_128/1415.png,4
test_128/1416.png,0
test_128/1417.png,1
test_128/1418.png,2
test_128/1419.png,2
test_128/142.png,0
test_128/1420.png,3
test_128/1421.png,3
test_128/1422.png,3
test_128/1423.png,3
test_128/1424.png,0
test_128/1425.png,0
test_128/1426.png,4
test_128/1427.png,4
test_128/1428.png,1
test_128/1429.png,1
test_128/143.png,4
test_128/1430.png,1
test_128/1431.png,1
test_128/1432.png,2
test_128/1433.png,2
test_128/1434.png,2
test_128/1435.png,3
test_128/1436.png,3
test_128/1437.png,3
test_128/1438.png,3
test_128/1439.png,0
test_128/144.png,4
test_128/1440.png,4
test_128/1441.png,4
test_128/1442.png,1
test_128/1443.png,1
test_128/1444.png,1
test_128/1445.png,2
test_128/1446.png,3
test_128/1447.png,3
test_128/1448.png,0
test_128/1449.png,0
test_128/145.png,1
test_128/1450.png,4
test_128/1451.png,4
test_128/1452.png,4
test_128/1453.png,4
test_128/1454.png,1
test_128/1455.png,1
test_128/1456.png,1
test_128/1457.png,1
test_128/1458.png,1
test_128/1459.png,2
test_128/146.png,2
test_128/1460.png,2
test_128/1461.png,2
test_128/1462.png,2
test_128/1463.png,3
test_128/1464.png,3
test_128/1465.png,3
test_128/1466.png,0
test_128/1467.png,4
test_128/1468.png,4
test_128/1469.png,4
test_128/147.png,2
test_128/1470.png,3
test_128/1471.png,3
test_128/1472.png,4
test_128/1473.png,4
test_128/1474.png,4
test_128/1475.png,2
test_128/1476.png,3
test_128/1477.png,0
test_128/1478.png,0
test_128/1479.png,0
test_128/148.png,2
test_128/1480.png,4
test_128/1481.png,4
test_128/1482.png,4
test_128/1483.png,4
test_128/1484.png,4
test_128/1485.png,4
test_128/1486.png,1
test_128/1487.png,1
test_128/1488.png,1
test_128/1489.png,1
test_128/149.png,2
test_128/1490.png,2
test_128/1491.png,2
test_128/1492.png,3
test_128/1493.png,3
test_128/1494.png,3
test_128/1495.png,0
test_128/1496.png,4
test_128/1497.png,4
test_128/1498.png,4
test_128/1499.png,3
test_128/15.png,2
test_128/150.png,2
test_128/1500.png,1
test_128/1501.png,1
test_128/1502.png,2
test_128/1503.png,2
test_128/1504.png,2
test_128/1505.png,2
test_128/1506.png,3
test_128/1507.png,3
test_128/1508.png,3
test_128/1509.png,0
test_128/151.png,3
test_128/1510.png,0
test_128/1511.png,0
test_128/1512.png,0
test_128/1513.png,0
test_128/1514.png,0
test_128/1515.png,4
test_128/1516.png,4
test_128/1517.png,2
test_128/1518.png,2
test_128/1519.png,2
test_128/152.png,3
test_128/1520.png,0
test_128/1521.png,3
test_128/1522.png,3
test_128/1523.png,3
test_128/1524.png,0
test_128/1525.png,0
test_128/1526.png,0
test_128/1527.png,0
test_128/1528.png,0
test_128/1529.png,4
test_128/153.png,3
test_128/1530.png,1
test_128/1531.png,1
test_128/1532.png,2
test_128/1533.png,2
test_128/1534.png,1
test_128/1535.png,2
test_128/1536.png,2
test_128/1537.png,2
test_128/1538.png,3
test_128/1539.png,3
test_128/154.png,4
test_128/1540.png,3
test_128/1541.png,0
test_128/1542.png,0
test_128/1543.png,0
test_128/1544.png,4
test_128/1545.png,0
test_128/1546.png,1
test_128/1547.png,2
test_128/1548.png,2
test_128/1549.png,2
test_128/155.png,4
test_128/1550.png,2
test_128/1551.png,0
test_128/1552.png,3
test_128/1553.png,3
test_128/1554.png,0
test_128/1555.png,3
test_128/1556.png,0
test_128/1557.png,0
test_128/1558.png,0
test_128/1559.png,4
test_128/156.png,1
test_128/1560.png,4
test_128/1561.png,4
test_128/1562.png,4
test_128/1563.png,4
test_128/1564.png,1
test_128/1565.png,1
test_128/1566.png,1
test_128/1567.png,1
test_128/1568.png,1
test_128/1569.png,1
test_128/157.png,2
test_128/1570.png,1
test_128/1571.png,2
test_128/1572.png,2
test_128/1573.png,2
test_128/1574.png,2
test_128/1575.png,2
test_128/1576.png,3
test_128/1577.png,3
test_128/1578.png,3
test_128/1579.png,3
test_128/158.png,2
test_128/1580.png,0
test_128/1581.png,0
test_128/1582.png,0
test_128/1583.png,0
test_128/1584.png,1
test_128/1585.png,1
test_128/1586.png,1
test_128/1587.png,2
test_128/1588.png,2
test_128/1589.png,3
test_128/159.png,2
test_128/1590.png,0
test_128/1591.png,0
test_128/1592.png,0
test_128/1593.png,4
test_128/1594.png,4
test_128/1595.png,4
test_128/1596.png,4
test_128/1597.png,1
test_128/1598.png,1
test_128/1599.png,1
test_128/16.png,2
test_128/160.png,2
test_128/1600.png,2
test_128/1601.png,2
test_128/1602.png,2
test_128/1603.png,3
test_128/1604.png,0
test_128/1605.png,0
test_128/1606.png,0
test_128/1607.png,0
test_128/1608.png,4
test_128/1609.png,3
test_128/161.png,2
test_128/1610.png,3
test_128/1611.png,1
test_128/1612.png,1
test_128/1613.png,1
test_128/1614.png,1
test_128/1615.png,2
test_128/1616.png,2
test_128/1617.png,3
test_128/1618.png,3
test_128/1619.png,3
test_128/162.png,3
test_128/1620.png,3
test_128/1621.png,3
test_128/1622.png,4
test_128/1623.png,4
test_128/1624.png,4
test_128/1625.png,0
test_128/1626.png,0
test_128/1627.png,0
test_128/1628.png,1
test_128/1629.png,1
test_128/163.png,0
test_128/1630.png,1
test_128/1631.png,1
test_128/1632.png,2
test_128/1633.png,2
test_128/1634.png,0
test_128/1635.png,1
test_128/1636.png,1
test_128/1637.png,2
test_128/1638.png,4
test_128/1639.png,4
test_128/164.png,0
test_128/1640.png,4
test_128/1641.png,0
test_128/1642.png,0
test_128/1643.png,4
test_128/1644.png,4
test_128/1645.png,4
test_128/1646.png,4
test_128/1647.png,1
test_128/1648.png,1
test_128/1649.png,1
test_128/165.png,4
test_128/1650.png,1
test_128/1651.png,2
test_128/1652.png,2
test_128/1653.png,3
test_128/1654.png,3
test_128/1655.png,3
test_128/1656.png,0
test_128/1657.png,0
test_128/1658.png,0
test_128/1659.png,0
test_128/166.png,4
test_128/1660.png,0
test_128/1661.png,0
test_128/1662.png,4
test_128/1663.png,4
test_128/1664.png,4
test_128/1665.png,1
test_128/1666.png,1
test_128/1667.png,1
test_128/1668.png,1
test_128/1669.png,2
test_128/167.png,4
test_128/1670.png,0
test_128/1671.png,3
test_128/1672.png,0
test_128/1673.png,0
test_128/1674.png,0
test_128/1675.png,0
test_128/1676.png,0
test_128/1677.png,0
test_128/1678.png,0
test_128/1679.png,0
test_128/168.png,4
test_128/1680.png,0
test_128/1681.png,0
test_128/1682.png,0
test_128/1683.png,0
test_128/1684.png,0
test_128/1685.png,0
test_128/1686.png,0
test_128/1687.png,0
test_128/1688.png,0
test_128/1689.png,0
test_128/169.png,1
test_128/1690.png,0
test_128/1691.png,4
test_128/1692.png,4
test_128/1693.png,4
test_128/1694.png,4
test_128/1695.png,4
test_128/1696.png,4
test_128/1697.png,4
test_128/1698.png,4
test_128/1699.png,1
test_128/17.png,3
test_128/170.png,1
test_128/1700.png,1
test_128/1701.png,1
test_128/1702.png,1
test_128/1703.png,1
test_128/1704.png,1
test_128/1705.png,1
test_128/1706.png,1
test_128/1707.png,1
test_128/1708.png,2
test_128/1709.png,2
test_128/171.png,1
test_128/1710.png,2
test_128/1711.png,3
test_128/1712.png,3
test_128/1713.png,3
test_128/1714.png,3
test_128/1715.png,3
test_128/1716.png,3
test_128/1717.png,3
test_128/1718.png,3
test_128/1719.png,0
test_128/172.png,2
test_128/1720.png,0
test_128/1721.png,0
test_128/1722.png,0
test_128/1723.png,4
test_128/1724.png,4
test_128/1725.png,4
test_128/1726.png,0
test_128/1727.png,1
test_128/1728.png,1
test_128/1729.png,1
test_128/173.png,2
test_128/1730.png,1
test_128/1731.png,4
test_128/1732.png,3
test_128/1733.png,3
test_128/1734.png,3
test_128/1735.png,3
test_128/1736.png,3
test_128/1737.png,0
test_128/1738.png,0
test_128/1739.png,0
test_128/174.png,2
test_128/1740.png,0
test_128/1741.png,0
test_128/1742.png,0
test_128/1743.png,4
test_128/1744.png,4
test_128/1745.png,1
test_128/1746.png,1
test_128/1747.png,1
test_128/1748.png,3
test_128/1749.png,2
test_128/175.png,2
test_128/1750.png,3
test_128/1751.png,3
test_128/1752.png,0
test_128/1753.png,0
test_128/1754.png,0
test_128/1755.png,0
test_128/1756.png,0
test_128/1757.png,0
test_128/1758.png,0
test_128/1759.png,0
test_128/176.png,2
test_128/1760.png,0
test_128/1761.png,4
test_128/1762.png,4
test_128/1763.png,4
test_128/1764.png,4
test_128/1765.png,4
test_128/1766.png,4
test_128/1767.png,4
test_128/1768.png,4
test_128/1769.png,4
test_128/177.png,3
test_128/1770.png,4
test_128/1771.png,4
test_128/1772.png,1
test_128/1773.png,1
test_128/1774.png,1
test_128/1775.png,1
test_128/1776.png,1
test_128/1777.png,1
test_128/1778.png,1
test_128/1779.png,1
test_128/178.png,3
test_128/1780.png,1
test_128/1781.png,2
test_128/1782.png,2
test_128/1783.png,2
test_128/1784.png,2
test_128/1785.png,2
test_128/1786.png,2
test_128/1787.png,2
test_128/1788.png,3
test_128/1789.png,3
test_128/179.png,3
test_128/1790.png,3
test_128/1791.png,3
test_128/1792.png,3
test_128/1793.png,3
test_128/1794.png,3
test_128/1795.png,3
test_128/1796.png,0
test_128/1797.png,0
test_128/1798.png,4
test_128/1799.png,4
test_128/18.png,3
test_128/180.png,0
test_128/1800.png,4
test_128/1801.png,1
test_128/1802.png,2
test_128/1803.png,4
test_128/1804.png,3
test_128/1805.png,3
test_128/1806.png,3
test_128/1807.png,0
test_128/1808.png,0
test_128/1809.png,0
test_128/181.png,0
test_128/1810.png,0
test_128/1811.png,0
test_128/1812.png,0
test_128/1813.png,0
test_128/1814.png,0
test_128/1815.png,0
test_128/1816.png,4
test_128/1817.png,4
test_128/1818.png,4
test_128/1819.png,4
test_128/182.png,0
test_128/1820.png,4
test_128/1821.png,4
test_128/1822.png,4
test_128/1823.png,4
test_128/1824.png,4
test_128/1825.png,4
test_128/1826.png,1
test_128/1827.png,1
test_128/1828.png,1
test_128/1829.png,1
test_128/183.png,4
test_128/1830.png,1
test_128/1831.png,1
test_128/1832.png,1
test_128/1833.png,1
test_128/1834.png,1
test_128/1835.png,2
test_128/1836.png,2
test_128/1837.png,2
test_128/1838.png,2
test_128/1839.png,2
test_128/184.png,4
test_128/1840.png,3
test_128/1841.png,3
test_128/1842.png,3
test_128/1843.png,3
test_128/1844.png,3
test_128/1845.png,3
test_128/1846.png,3
test_128/1847.png,3
test_128/1848.png,3
test_128/1849.png,3
test_128/185.png,1
test_128/1850.png,4
test_128/1851.png,4
test_128/1852.png,4
test_128/1853.png,4
test_128/1854.png,1
test_128/1855.png,1
test_128/1856.png,1
test_128/1857.png,2
test_128/1858.png,1
test_128/1859.png,3
test_128/186.png,1
test_128/1860.png,3
test_128/1861.png,0
test_128/1862.png,0
test_128/1863.png,0
test_128/1864.png,0
test_128/1865.png,0
test_128/1866.png,0
test_128/1867.png,0
test_128/1868.png,0
test_128/1869.png,0
test_128/187.png,1
test_128/1870.png,0
test_128/1871.png,0
test_128/1872.png,0
test_128/1873.png,4
test_128/1874.png,4
test_128/1875.png,4
test_128/1876.png,4
test_128/1877.png,4
test_128/1878.png,4
test_128/1879.png,4
test_128/188.png,0
test_128/1880.png,4
test_128/1881.png,4
test_128/1882.png,1
test_128/1883.png,1
test_128/1884.png,1
test_128/1885.png,1
test_128/1886.png,1
test_128/1887.png,1
test_128/1888.png,1
test_128/1889.png,2
test_128/189.png,2
test_128/1890.png,2
test_128/1891.png,2
test_128/1892.png,2
test_128/1893.png,2
test_128/1894.png,3
test_128/1895.png,2
test_128/1896.png,2
test_128/1897.png,2
test_128/1898.png,2
test_128/1899.png,2
test_128/19.png,3
test_128/190.png,3
test_128/1900.png,2
test_128/1901.png,2
test_128/1902.png,3
test_128/1903.png,3
test_128/1904.png,3
test_128/1905.png,3
test_128/1906.png,3
test_128/1907.png,3
test_128/1908.png,3
test_128/1909.png,3
test_128/191.png,3
test_128/1910.png,0
test_128/1911.png,0
test_128/1912.png,0
test_128/1913.png,0
test_128/1914.png,0
test_128/1915.png,4
test_128/1916.png,4
test_128/1917.png,1
test_128/1918.png,2
test_128/1919.png,2
test_128/192.png,3
test_128/1920.png,3
test_128/1921.png,0
test_128/1922.png,0
test_128/1923.png,0
test_128/1924.png,0
test_128/1925.png,0
test_128/1926.png,0
test_128/1927.png,0
test_128/1928.png,0
test_128/1929.png,4
test_128/193.png,0
test_128/1930.png,4
test_128/1931.png,4
test_128/1932.png,4
test_128/1933.png,4
test_128/1934.png,4
test_128/1935.png,4
test_128/1936.png,4
test_128/1937.png,4
test_128/1938.png,4
test_128/1939.png,1
test_128/194.png,4
test_128/1940.png,1
test_128/1941.png,1
test_128/1942.png,1
test_128/1943.png,1
test_128/1944.png,1
test_128/1945.png,1
test_128/1946.png,1
test_128/1947.png,1
test_128/1948.png,1
test_128/1949.png,1
test_128/195.png,4
test_128/1950.png,2
test_128/1951.png,2
test_128/1952.png,2
test_128/1953.png,2
test_128/1954.png,2
test_128/1955.png,2
test_128/1956.png,2
test_128/1957.png,3
test_128/1958.png,3
test_128/1959.png,3
test_128/196.png,4
test_128/1960.png,3
test_128/1961.png,3
test_128/1962.png,3
test_128/1963.png,3
test_128/1964.png,3
test_128/1965.png,2
test_128/1966.png,3
test_128/1967.png,3
test_128/1968.png,3
test_128/1969.png,0
test_128/197.png,1
test_128/1970.png,0
test_128/1971.png,0
test_128/1972.png,4
test_128/1973.png,4
test_128/1974.png,4
test_128/1975.png,2
test_128/1976.png,2
test_128/1977.png,2
test_128/1978.png,2
test_128/1979.png,3
test_128/198.png,1
test_128/1980.png,3
test_128/1981.png,3
test_128/1982.png,3
test_128/1983.png,3
test_128/1984.png,3
test_128/1985.png,3
test_128/1986.png,0
test_128/1987.png,0
test_128/1988.png,0
test_128/1989.png,0
test_128/199.png,2
test_128/1990.png,0
test_128/1991.png,0
test_128/1992.png,0
test_128/1993.png,0
test_128/1994.png,0
test_128/1995.png,4
test_128/1996.png,4
test_128/1997.png,4
test_128/1998.png,4
test_128/1999.png,4
test_128/2.png,2
test_128/20.png,3
test_128/200.png,2
test_128/2000.png,4
test_128/2001.png,4
test_128/2002.png,4
test_128/2003.png,4
test_128/2004.png,1
test_128/2005.png,1
test_128/2006.png,1
test_128/2007.png,1
test_128/2008.png,1
test_128/2009.png,1
test_128/201.png,2
test_128/2010.png,1
test_128/2011.png,1
test_128/2012.png,1
test_128/2013.png,1
test_128/2014.png,1
test_128/2015.png,2
test_128/2016.png,2
test_128/2017.png,2
test_128/2018.png,2
test_128/2019.png,2
test_128/202.png,2
test_128/2020.png,2
test_128/2021.png,2
test_128/2022.png,2
test_128/2023.png,2
test_128/2024.png,2
test_128/2025.png,2
test_128/2026.png,3
test_128/2027.png,3
test_128/2028.png,3
test_128/2029.png,3
test_128/203.png,2
test_128/2030.png,3
test_128/2031.png,3
test_128/2032.png,3
test_128/2033.png,3
test_128/2034.png,3
test_128/2035.png,3
test_128/2036.png,3
test_128/2037.png,0
test_128/2038.png,0
test_128/2039.png,0
test_128/204.png,3
test_128/2040.png,4
test_128/2041.png,4
test_128/2042.png,4
test_128/2043.png,1
test_128/2044.png,1
test_128/2045.png,1
test_128/2046.png,2
test_128/2047.png,2
test_128/2048.png,2
test_128/2049.png,2
test_128/205.png,3
test_128/2050.png,3
test_128/2051.png,3
test_128/2052.png,3
test_128/2053.png,3
test_128/2054.png,0
test_128/2055.png,0
test_128/2056.png,0
test_128/2057.png,0
test_128/2058.png,0
test_128/2059.png,0
test_128/206.png,3
test_128/2060.png,0
test_128/2061.png,0
test_128/2062.png,4
test_128/2063.png,4
test_128/2064.png,4
test_128/2065.png,4
test_128/2066.png,4
test_128/2067.png,4
test_128/2068.png,4
test_128/2069.png,4
test_128/207.png,0
test_128/2070.png,4
test_128/2071.png,4
test_128/2072.png,4
test_128/2073.png,1
test_128/2074.png,1
test_128/2075.png,1
test_128/2076.png,1
test_128/2077.png,1
test_128/2078.png,1
test_128/2079.png,1
test_128/208.png,0
test_128/2080.png,1
test_128/2081.png,1
test_128/2082.png,1
test_128/2083.png,3
test_128/2084.png,3
test_128/2085.png,3
test_128/2086.png,2
test_128/2087.png,3
test_128/2088.png,3
test_128/2089.png,3
test_128/209.png,0
test_128/2090.png,3
test_128/2091.png,3
test_128/2092.png,3
test_128/2093.png,3
test_128/2094.png,3
test_128/2095.png,3
test_128/2096.png,3
test_128/2097.png,3
test_128/2098.png,3
test_128/2099.png,3
test_128/21.png,0
test_128/210.png,4
test_128/2100.png,0
test_128/2101.png,0
test_128/2102.png,4
test_128/2103.png,4
test_128/2104.png,4
test_128/2105.png,1
test_128/2106.png,1
test_128/2107.png,2
test_128/2108.png,3
test_128/2109.png,3
test_128/211.png,4
test_128/2110.png,3
test_128/2111.png,3
test_128/2112.png,0
test_128/2113.png,0
test_128/2114.png,0
test_128/2115.png,0
test_128/2116.png,0
test_128/2117.png,0
test_128/2118.png,0
test_128/2119.png,0
test_128/212.png,4
test_128/2120.png,0
test_128/2121.png,0
test_128/2122.png,0
test_128/2123.png,0
test_128/2124.png,0
test_128/2125.png,4
test_128/2126.png,4
test_128/2127.png,0
test_128/2128.png,4
test_128/2129.png,4
test_128/213.png,4
test_128/2130.png,4
test_128/2131.png,4
test_128/2132.png,4
test_128/2133.png,4
test_128/2134.png,1
test_128/2135.png,1
test_128/2136.png,1
test_128/2137.png,1
test_128/2138.png,1
test_128/2139.png,1
test_128/214.png,1
test_128/2140.png,1
test_128/2141.png,1
test_128/2142.png,1
test_128/2143.png,1
test_128/2144.png,1
test_128/2145.png,2
test_128/2146.png,3
test_128/2147.png,2
test_128/2148.png,3
test_128/2149.png,3
test_128/215.png,4
test_128/2150.png,3
test_128/2151.png,3
test_128/2152.png,3
test_128/2153.png,3
test_128/2154.png,3
test_128/2155.png,3
test_128/2156.png,3
test_128/2157.png,3
test_128/2158.png,3
test_128/2159.png,3
test_128/216.png,2
test_128/2160.png,3
test_128/2161.png,0
test_128/2162.png,0
test_128/2163.png,0
test_128/2164.png,0
test_128/2165.png,1
test_128/2166.png,0
test_128/2167.png,1
test_128/2168.png,1
test_128/2169.png,1
test_128/217.png,4
test_128/2170.png,1
test_128/2171.png,1
test_128/2172.png,2
test_128/2173.png,2
test_128/2174.png,3
test_128/2175.png,3
test_128/2176.png,3
test_128/2177.png,3
test_128/2178.png,3
test_128/2179.png,0
test_128/218.png,4
test_128/2180.png,0
test_128/2181.png,0
test_128/2182.png,0
test_128/2183.png,0
test_128/2184.png,0
test_128/2185.png,0
test_128/2186.png,0
test_128/2187.png,0
test_128/2188.png,4
test_128/2189.png,4
test_128/219.png,3
test_128/2190.png,4
test_128/2191.png,4
test_128/2192.png,4
test_128/2193.png,4
test_128/2194.png,4
test_128/2195.png,4
test_128/2196.png,1
test_128/2197.png,1
test_128/2198.png,1
test_128/2199.png,1
test_128/22.png,0
test_128/220.png,1
test_128/2200.png,1
test_128/2201.png,1
test_128/2202.png,1
test_128/2203.png,1
test_128/2204.png,1
test_128/2205.png,1
test_128/2206.png,1
test_128/2207.png,1
test_128/2208.png,1
test_128/2209.png,2
test_128/221.png,1
test_128/2210.png,2
test_128/2211.png,2
test_128/2212.png,2
test_128/2213.png,2
test_128/2214.png,2
test_128/2215.png,2
test_128/2216.png,2
test_128/2217.png,2
test_128/2218.png,3
test_128/2219.png,3
test_128/222.png,1
test_128/2220.png,3
test_128/2221.png,3
test_128/2222.png,3
test_128/2223.png,3
test_128/2224.png,3
test_128/2225.png,3
test_128/2226.png,3
test_128/2227.png,3
test_128/2228.png,0
test_128/2229.png,0
test_128/223.png,1
test_128/2230.png,0
test_128/2231.png,0
test_128/2232.png,4
test_128/2233.png,4
test_128/2234.png,4
test_128/2235.png,4
test_128/2236.png,4
test_128/2237.png,4
test_128/2238.png,1
test_128/2239.png,1
test_128/224.png,1
test_128/2240.png,1
test_128/2241.png,1
test_128/2242.png,2
test_128/2243.png,0
test_128/2244.png,0
test_128/2245.png,0
test_128/2246.png,0
test_128/2247.png,0
test_128/2248.png,0
test_128/2249.png,0
test_128/225.png,1
test_128/2250.png,0
test_128/2251.png,0
test_128/2252.png,0
test_128/2253.png,0
test_128/2254.png,4
test_128/2255.png,4
test_128/2256.png,4
test_128/2257.png,1
test_128/2258.png,4
test_128/2259.png,0
test_128/226.png,0
test_128/2260.png,4
test_128/2261.png,4
test_128/2262.png,4
test_128/2263.png,4
test_128/2264.png,4
test_128/2265.png,1
test_128/2266.png,1
test_128/2267.png,1
test_128/2268.png,1
test_128/2269.png,1
test_128/227.png,2
test_128/2270.png,1
test_128/2271.png,1
test_128/2272.png,1
test_128/2273.png,2
test_128/2274.png,2
test_128/2275.png,2
test_128/2276.png,2
test_128/2277.png,2
test_128/2278.png,2
test_128/2279.png,2
test_128/228.png,2
test_128/2280.png,2
test_128/2281.png,3
test_128/2282.png,3
test_128/2283.png,3
test_128/2284.png,3
test_128/2285.png,3
test_128/2286.png,4
test_128/2287.png,4
test_128/2288.png,4
test_128/2289.png,1
test_128/229.png,3
test_128/2290.png,1
test_128/2291.png,2
test_128/2292.png,3
test_128/2293.png,3
test_128/2294.png,3
test_128/2295.png,4
test_128/2296.png,3
test_128/2297.png,3
test_128/2298.png,3
test_128/2299.png,3
test_128/23.png,0
test_128/230.png,3
test_128/2300.png,0
test_128/2301.png,0
test_128/2302.png,0
test_128/2303.png,0
test_128/2304.png,0
test_128/2305.png,0
test_128/2306.png,0
test_128/2307.png,0
test_128/2308.png,0
test_128/2309.png,0
test_128/231.png,3
test_128/2310.png,0
test_128/2311.png,0
test_128/2312.png,4
test_128/2313.png,4
test_128/2314.png,4
test_128/2315.png,4
test_128/2316.png,4
test_128/2317.png,4
test_128/2318.png,4
test_128/2319.png,1
test_128/232.png,3
test_128/2320.png,1
test_128/2321.png,1
test_128/2322.png,1
test_128/2323.png,1
test_128/2324.png,1
test_128/2325.png,1
test_128/2326.png,1
test_128/2327.png,1
test_128/2328.png,2
test_128/2329.png,2
test_128/233.png,0
test_128/2330.png,2
test_128/2331.png,2
test_128/2332.png,2
test_128/2333.png,2
test_128/2334.png,2
test_128/2335.png,2
test_128/2336.png,2
test_128/2337.png,2
test_128/2338.png,2
test_128/2339.png,3
test_128/234.png,0
test_128/2340.png,3
test_128/2341.png,3
test_128/2342.png,3
test_128/2343.png,3
test_128/2344.png,3
test_128/2345.png,3
test_128/2346.png,4
test_128/2347.png,3
test_128/2348.png,3
test_128/2349.png,0
test_128/235.png,0
test_128/2350.png,0
test_128/2351.png,0
test_128/2352.png,0
test_128/2353.png,0
test_128/2354.png,0
test_128/2355.png,0
test_128/2356.png,0
test_128/2357.png,0
test_128/2358.png,0
test_128/2359.png,4
test_128/236.png,0
test_128/2360.png,4
test_128/2361.png,4
test_128/2362.png,4
test_128/2363.png,4
test_128/2364.png,4
test_128/2365.png,4
test_128/2366.png,4
test_128/2367.png,4
test_128/2368.png,4
test_128/2369.png,1
test_128/237.png,4
test_128/2370.png,1
test_128/2371.png,1
test_128/2372.png,1
test_128/2373.png,1
test_128/2374.png,1
test_128/2375.png,1
test_128/2376.png,1
test_128/2377.png,2
test_128/2378.png,2
test_128/2379.png,2
test_128/238.png,4
test_128/2380.png,2
test_128/2381.png,2
test_128/2382.png,2
test_128/2383.png,2
test_128/2384.png,2
test_128/2385.png,2
test_128/2386.png,2
test_128/2387.png,2
test_128/2388.png,2
test_128/2389.png,2
test_128/239.png,4
test_128/2390.png,3
test_128/2391.png,3
test_128/2392.png,3
test_128/2393.png,3
test_128/2394.png,3
test_128/2395.png,3
test_128/2396.png,3
test_128/2397.png,3
test_128/2398.png,3
test_128/2399.png,3
test_128/24.png,4
test_128/240.png,4
test_128/2400.png,0
test_128/2401.png,0
test_128/2402.png,0
test_128/2403.png,0
test_128/2404.png,0
test_128/2405.png,0
test_128/2406.png,0
test_128/2407.png,0
test_128/2408.png,0
test_128/2409.png,4
test_128/241.png,1
test_128/2410.png,3
test_128/2411.png,4
test_128/2412.png,3
test_128/2413.png,4
test_128/2414.png,4
test_128/2415.png,4
test_128/2416.png,4
test_128/2417.png,4
test_128/2418.png,1
test_128/2419.png,1
test_128/242.png,1
test_128/2420.png,1
test_128/2421.png,1
test_128/2422.png,1
test_128/2423.png,1
test_128/2424.png,1
test_128/2425.png,1
test_128/2426.png,1
test_128/2427.png,1
test_128/2428.png,1
test_128/2429.png,2
test_128/243.png,1
test_128/2430.png,2
test_128/2431.png,2
test_128/2432.png,2
test_128/2433.png,2
test_128/2434.png,2
test_128/2435.png,2
test_128/2436.png,2
test_128/2437.png,2
test_128/2438.png,2
test_128/2439.png,2
test_128/244.png,1
test_128/2440.png,3
test_128/2441.png,3
test_128/2442.png,3
test_128/2443.png,3
test_128/2444.png,3
test_128/2445.png,3
test_128/2446.png,3
test_128/2447.png,3
test_128/2448.png,3
test_128/2449.png,3
test_128/245.png,2
test_128/2450.png,3
test_128/2451.png,0
test_128/2452.png,0
test_128/2453.png,0
test_128/2454.png,0
test_128/2455.png,0
test_128/2456.png,0
test_128/2457.png,0
test_128/2458.png,4
test_128/2459.png,4
test_128/246.png,0
test_128/2460.png,4
test_128/2461.png,4
test_128/2462.png,1
test_128/2463.png,1
test_128/2464.png,1
test_128/2465.png,1
test_128/2466.png,1
test_128/2467.png,1
test_128/2468.png,1
test_128/2469.png,1
test_128/247.png,0
test_128/2470.png,1
test_128/2471.png,1
test_128/2472.png,1
test_128/2473.png,2
test_128/2474.png,2
test_128/2475.png,2
test_128/2476.png,2
test_128/2477.png,2
test_128/2478.png,2
test_128/2479.png,2
test_128/248.png,0
test_128/2480.png,2
test_128/2481.png,3
test_128/2482.png,3
test_128/2483.png,3
test_128/2484.png,3
test_128/2485.png,3
test_128/2486.png,3
test_128/2487.png,3
test_128/2488.png,0
test_128/2489.png,0
test_128/249.png,4
test_128/2490.png,0
test_128/2491.png,0
test_128/2492.png,0
test_128/2493.png,4
test_128/2494.png,4
test_128/2495.png,4
test_128/2496.png,4
test_128/2497.png,4
test_128/2498.png,4
test_128/2499.png,4
test_128/25.png,4
test_128/250.png,4
test_128/2500.png,4
test_128/2501.png,4
test_128/2502.png,4
test_128/2503.png,4
test_128/2504.png,4
test_128/2505.png,4
test_128/2506.png,4
test_128/2507.png,1
test_128/2508.png,1
test_128/2509.png,1
test_128/251.png,1
test_128/2510.png,1
test_128/2511.png,1
test_128/2512.png,1
test_128/2513.png,1
test_128/2514.png,1
test_128/2515.png,1
test_128/2516.png,1
test_128/2517.png,1
test_128/2518.png,2
test_128/2519.png,2
test_128/252.png,2
test_128/2520.png,2
test_128/2521.png,2
test_128/2522.png,2
test_128/2523.png,2
test_128/2524.png,2
test_128/2525.png,2
test_128/2526.png,2
test_128/2527.png,2
test_128/2528.png,3
test_128/2529.png,3
test_128/253.png,2
test_128/2530.png,3
test_128/2531.png,3
test_128/2532.png,4
test_128/2533.png,3
test_128/2534.png,3
test_128/2535.png,3
test_128/2536.png,3
test_128/2537.png,3
test_128/2538.png,3
test_128/2539.png,0
test_128/254.png,2
test_128/2540.png,0
test_128/2541.png,0
test_128/2542.png,0
test_128/2543.png,0
test_128/2544.png,0
test_128/2545.png,0
test_128/2546.png,0
test_128/2547.png,0
test_128/2548.png,0
test_128/2549.png,0
test_128/255.png,2
test_128/2550.png,0
test_128/2551.png,0
test_128/2552.png,2
test_128/2553.png,4
test_128/2554.png,4
test_128/2555.png,4
test_128/2556.png,4
test_128/2557.png,4
test_128/2558.png,4
test_128/2559.png,4
test_128/256.png,2
test_128/2560.png,4
test_128/2561.png,4
test_128/2562.png,4
test_128/2563.png,4
test_128/2564.png,1
test_128/2565.png,1
test_128/2566.png,1
test_128/2567.png,1
test_128/2568.png,1
test_128/2569.png,1
test_128/257.png,2
test_128/2570.png,1
test_128/2571.png,1
test_128/2572.png,1
test_128/2573.png,1
test_128/2574.png,1
test_128/2575.png,1
test_128/2576.png,1
test_128/2577.png,2
test_128/2578.png,2
test_128/2579.png,2
test_128/258.png,3
test_128/2580.png,2
test_128/2581.png,2
test_128/2582.png,2
test_128/2583.png,2
test_128/2584.png,2
test_128/2585.png,2
test_128/2586.png,2
test_128/2587.png,3
test_128/2588.png,3
test_128/2589.png,3
test_128/259.png,0
test_128/2590.png,3
test_128/2591.png,3
test_128/2592.png,3
test_128/2593.png,3
test_128/2594.png,3
test_128/2595.png,3
test_128/2596.png,3
test_128/2597.png,3
test_128/2598.png,0
test_128/2599.png,0
test_128/26.png,4
test_128/260.png,0
test_128/2600.png,0
test_128/2601.png,0
test_128/2602.png,0
test_128/2603.png,0
test_128/2604.png,0
test_128/2605.png,4
test_128/2606.png,4
test_128/2607.png,4
test_128/2608.png,4
test_128/2609.png,4
test_128/261.png,4
test_128/2610.png,4
test_128/2611.png,4
test_128/2612.png,4
test_128/2613.png,4
test_128/2614.png,4
test_128/2615.png,4
test_128/2616.png,1
test_128/2617.png,1
test_128/2618.png,1
test_128/2619.png,1
test_128/262.png,4
test_128/2620.png,1
test_128/2621.png,1
test_128/2622.png,1
test_128/2623.png,1
test_128/2624.png,3
test_128/2625.png,2
test_128/2626.png,3
test_128/2627.png,3
test_128/2628.png,2
test_128/2629.png,3
test_128/263.png,0
test_128/2630.png,3
test_128/2631.png,3
test_128/2632.png,3
test_128/2633.png,3
test_128/2634.png,3
test_128/2635.png,3
test_128/2636.png,3
test_128/2637.png,3
test_128/2638.png,3
test_128/2639.png,3
test_128/264.png,1
test_128/2640.png,0
test_128/2641.png,0
test_128/2642.png,0
test_128/2643.png,0
test_128/2644.png,0
test_128/2645.png,0
test_128/2646.png,0
test_128/2647.png,0
test_128/2648.png,4
test_128/2649.png,4
test_128/265.png,1
test_128/2650.png,4
test_128/2651.png,4
test_128/2652.png,4
test_128/2653.png,4
test_128/2654.png,4
test_128/2655.png,4
test_128/2656.png,4
test_128/2657.png,4
test_128/2658.png,4
test_128/2659.png,1
test_128/266.png,2
test_128/2660.png,1
test_128/2661.png,1
test_128/2662.png,1
test_128/2663.png,1
test_128/2664.png,1
test_128/2665.png,1
test_128/2666.png,1
test_128/2667.png,1
test_128/2668.png,2
test_128/2669.png,2
test_128/267.png,2
test_128/2670.png,2
test_128/2671.png,2
test_128/2672.png,2
test_128/2673.png,2
test_128/2674.png,2
test_128/2675.png,2
test_128/2676.png,2
test_128/2677.png,3
test_128/2678.png,3
test_128/2679.png,3
test_128/268.png,2
test_128/2680.png,3
test_128/2681.png,3
test_128/2682.png,3
test_128/2683.png,3
test_128/2684.png,3
test_128/2685.png,3
test_128/2686.png,3
test_128/2687.png,0
test_128/2688.png,0
test_128/2689.png,0
test_128/269.png,3
test_128/2690.png,0
test_128/2691.png,0
test_128/2692.png,4
test_128/2693.png,4
test_128/2694.png,4
test_128/2695.png,4
test_128/2696.png,4
test_128/2697.png,4
test_128/2698.png,4
test_128/2699.png,4
test_128/27.png,1
test_128/270.png,3
test_128/2700.png,4
test_128/2701.png,4
test_128/2702.png,4
test_128/2703.png,2
test_128/2704.png,1
test_128/2705.png,1
test_128/2706.png,1
test_128/2707.png,4
test_128/2708.png,1
test_128/2709.png,1
test_128/271.png,3
test_128/2710.png,1
test_128/2711.png,1
test_128/2712.png,1
test_128/2713.png,1
test_128/2714.png,1
test_128/2715.png,1
test_128/2716.png,1
test_128/2717.png,1
test_128/2718.png,2
test_128/2719.png,3
test_128/272.png,0
test_128/2720.png,2
test_128/2721.png,2
test_128/2722.png,2
test_128/2723.png,2
test_128/2724.png,2
test_128/2725.png,2
test_128/2726.png,2
test_128/2727.png,3
test_128/2728.png,3
test_128/2729.png,3
test_128/273.png,0
test_128/2730.png,3
test_128/2731.png,3
test_128/2732.png,3
test_128/2733.png,3
test_128/2734.png,3
test_128/2735.png,3
test_128/2736.png,3
test_128/2737.png,3
test_128/2738.png,3
test_128/2739.png,0
test_128/274.png,0
test_128/2740.png,0
test_128/2741.png,0
test_128/2742.png,0
test_128/2743.png,0
test_128/2744.png,0
test_128/2745.png,0
test_128/2746.png,0
test_128/2747.png,0
test_128/2748.png,4
test_128/2749.png,4
test_128/275.png,0
test_128/2750.png,4
test_128/2751.png,4
test_128/2752.png,4
test_128/2753.png,4
test_128/2754.png,4
test_128/2755.png,4
test_128/2756.png,1
test_128/2757.png,1
test_128/2758.png,1
test_128/2759.png,1
test_128/276.png,4
test_128/2760.png,1
test_128/2761.png,1
test_128/2762.png,1
test_128/2763.png,1
test_128/2764.png,1
test_128/2765.png,1
test_128/2766.png,1
test_128/2767.png,2
test_128/2768.png,2
test_128/2769.png,2
test_128/277.png,4
test_128/2770.png,2
test_128/2771.png,2
test_128/2772.png,2
test_128/2773.png,2
test_128/2774.png,2
test_128/2775.png,2
test_128/2776.png,2
test_128/2777.png,2
test_128/2778.png,2
test_128/2779.png,3
test_128/278.png,1
test_128/2780.png,3
test_128/2781.png,3
test_128/2782.png,3
test_128/2783.png,3
test_128/2784.png,3
test_128/2785.png,3
test_128/2786.png,3
test_128/2787.png,3
test_128/2788.png,3
test_128/2789.png,0
test_128/279.png,1
test_128/2790.png,0
test_128/2791.png,0
test_128/2792.png,0
test_128/2793.png,0
test_128/2794.png,0
test_128/2795.png,0
test_128/2796.png,0
test_128/2797.png,4
test_128/2798.png,4
test_128/2799.png,4
test_128/28.png,1
test_128/280.png,2
test_128/2800.png,4
test_128/2801.png,4
test_128/2802.png,4
test_128/2803.png,4
test_128/2804.png,1
test_128/2805.png,1
test_128/2806.png,1
test_128/2807.png,1
test_128/2808.png,1
test_128/2809.png,1
test_128/281.png,3
test_128/2810.png,1
test_128/2811.png,1
test_128/2812.png,1
test_128/2813.png,1
test_128/2814.png,2
test_128/2815.png,2
test_128/2816.png,2
test_128/2817.png,2
test_128/2818.png,2
test_128/2819.png,2
test_128/282.png,3
test_128/2820.png,1
test_128/2821.png,2
test_128/2822.png,3
test_128/2823.png,3
test_128/2824.png,3
test_128/2825.png,3
test_128/2826.png,3
test_128/2827.png,3
test_128/2828.png,3
test_128/2829.png,3
test_128/283.png,3
test_128/2830.png,0
test_128/2831.png,0
test_128/2832.png,0
test_128/2833.png,0
test_128/2834.png,0
test_128/2835.png,0
test_128/2836.png,0
test_128/2837.png,0
test_128/2838.png,0
test_128/2839.png,0
test_128/284.png,3
test_128/2840.png,4
test_128/2841.png,4
test_128/2842.png,4
test_128/2843.png,4
test_128/2844.png,4
test_128/2845.png,4
test_128/2846.png,4
test_128/2847.png,4
test_128/2848.png,4
test_128/2849.png,1
test_128/285.png,0
test_128/2850.png,1
test_128/2851.png,1
test_128/2852.png,1
test_128/2853.png,1
test_128/2854.png,1
test_128/2855.png,1
test_128/2856.png,1
test_128/2857.png,1
test_128/2858.png,1
test_128/2859.png,1
test_128/286.png,0
test_128/2860.png,1
test_128/2861.png,1
test_128/2862.png,2
test_128/2863.png,2
test_128/2864.png,2
test_128/2865.png,2
test_128/2866.png,2
test_128/2867.png,2
test_128/2868.png,2
test_128/2869.png,2
test_128/287.png,0
test_128/2870.png,2
test_128/2871.png,2
test_128/2872.png,2
test_128/2873.png,2
test_128/2874.png,2
test_128/2875.png,3
test_128/2876.png,3
test_128/2877.png,3
test_128/2878.png,3
test_128/2879.png,3
test_128/288.png,4
test_128/2880.png,3
test_128/2881.png,3
test_128/2882.png,0
test_128/2883.png,0
test_128/2884.png,4
test_128/2885.png,4
test_128/2886.png,4
test_128/2887.png,1
test_128/2888.png,2
test_128/2889.png,2
test_128/289.png,4
test_128/2890.png,2
test_128/2891.png,2
test_128/2892.png,3
test_128/2893.png,0
test_128/2894.png,0
test_128/2895.png,0
test_128/2896.png,4
test_128/2897.png,4
test_128/2898.png,4
test_128/2899.png,4
test_128/29.png,1
test_128/290.png,4
test_128/2900.png,1
test_128/2901.png,1
test_128/2902.png,1
test_128/2903.png,1
test_128/2904.png,1
test_128/2905.png,2
test_128/2906.png,3
test_128/2907.png,2
test_128/2908.png,3
test_128/2909.png,3
test_128/291.png,1
test_128/2910.png,3
test_128/2911.png,0
test_128/2912.png,0
test_128/2913.png,0
test_128/2914.png,4
test_128/2915.png,4
test_128/2916.png,4
test_128/2917.png,1
test_128/2918.png,1
test_128/2919.png,1
test_128/292.png,1
test_128/2920.png,2
test_128/2921.png,2
test_128/2922.png,2
test_128/2923.png,2
test_128/2924.png,3
test_128/2925.png,3
test_128/2926.png,0
test_128/2927.png,0
test_128/2928.png,0
test_128/2929.png,4
test_128/293.png,1
test_128/2930.png,4
test_128/2931.png,4
test_128/2932.png,1
test_128/2933.png,1
test_128/2934.png,3
test_128/2935.png,3
test_128/2936.png,3
test_128/2937.png,0
test_128/2938.png,0
test_128/2939.png,0
test_128/294.png,2
test_128/2940.png,4
test_128/2941.png,4
test_128/2942.png,1
test_128/2943.png,1
test_128/2944.png,1
test_128/2945.png,1
test_128/2946.png,1
test_128/2947.png,2
test_128/2948.png,3
test_128/2949.png,3
test_128/295.png,2
test_128/2950.png,0
test_128/2951.png,1
test_128/2952.png,4
test_128/2953.png,3
test_128/2954.png,4
test_128/2955.png,1
test_128/2956.png,1
test_128/2957.png,1
test_128/2958.png,1
test_128/2959.png,1
test_128/296.png,2
test_128/2960.png,2
test_128/2961.png,2
test_128/2962.png,2
test_128/2963.png,2
test_128/2964.png,3
test_128/2965.png,1
test_128/2966.png,0
test_128/2967.png,0
test_128/2968.png,0
test_128/2969.png,4
test_128/297.png,2
test_128/2970.png,4
test_128/2971.png,4
test_128/2972.png,4
test_128/2973.png,1
test_128/2974.png,1
test_128/2975.png,1
test_128/2976.png,2
test_128/2977.png,2
test_128/2978.png,2
test_128/2979.png,2
test_128/298.png,2
test_128/2980.png,3
test_128/2981.png,0
test_128/2982.png,0
test_128/2983.png,0
test_128/2984.png,4
test_128/2985.png,4
test_128/2986.png,4
test_128/2987.png,4
test_128/2988.png,4
test_128/2989.png,1
test_128/299.png,3
test_128/2990.png,1
test_128/2991.png,2
test_128/2992.png,2
test_128/2993.png,2
test_128/2994.png,2
test_128/2995.png,2
test_128/2996.png,0
test_128/2997.png,0
test_128/2998.png,0
test_128/2999.png,0
test_128/3.png,2
test_128/30.png,2
test_128/300.png,3
test_128/3000.png,0
test_128/3001.png,0
test_128/3002.png,0
test_128/3003.png,4
test_128/3004.png,4
test_128/3005.png,4
test_128/3006.png,4
test_128/3007.png,4
test_128/3008.png,4
test_128/3009.png,4
test_128/301.png,0
test_128/3010.png,4
test_128/3011.png,4
test_128/3012.png,1
test_128/3013.png,1
test_128/3014.png,1
test_128/3015.png,1
test_128/3016.png,1
test_128/3017.png,2
test_128/3018.png,2
test_128/3019.png,3
test_128/302.png,1
test_128/3020.png,3
test_128/3021.png,3
test_128/3022.png,3
test_128/3023.png,3
test_128/3024.png,3
test_128/3025.png,0
test_128/3026.png,0
test_128/3027.png,0
test_128/3028.png,4
test_128/3029.png,4
test_128/303.png,1
test_128/3030.png,0
test_128/3031.png,1
test_128/3032.png,1
test_128/3033.png,1
test_128/3034.png,0
test_128/3035.png,1
test_128/3036.png,4
test_128/3037.png,3
test_128/3038.png,2
test_128/3039.png,3
test_128/304.png,1
test_128/3040.png,0
test_128/3041.png,0
test_128/3042.png,0
test_128/3043.png,0
test_128/3044.png,0
test_128/3045.png,4
test_128/3046.png,4
test_128/3047.png,4
test_128/3048.png,4
test_128/3049.png,1
test_128/305.png,1
test_128/3050.png,1
test_128/3051.png,1
test_128/3052.png,1
test_128/3053.png,1
test_128/3054.png,1
test_128/3055.png,3
test_128/3056.png,3
test_128/3057.png,0
test_128/3058.png,0
test_128/3059.png,0
test_128/306.png,2
test_128/3060.png,0
test_128/3061.png,0
test_128/3062.png,0
test_128/3063.png,1
test_128/3064.png,1
test_128/3065.png,1
test_128/3066.png,4
test_128/3067.png,1
test_128/3068.png,0
test_128/3069.png,0
test_128/307.png,2
test_128/3070.png,0
test_128/3071.png,0
test_128/3072.png,0
test_128/3073.png,0
test_128/3074.png,4
test_128/3075.png,4
test_128/3076.png,4
test_128/3077.png,1
test_128/3078.png,2
test_128/3079.png,2
test_128/308.png,2
test_128/3080.png,3
test_128/3081.png,3
test_128/3082.png,0
test_128/3083.png,4
test_128/3084.png,4
test_128/3085.png,4
test_128/3086.png,4
test_128/3087.png,4
test_128/3088.png,1
test_128/3089.png,1
test_128/309.png,3
test_128/3090.png,1
test_128/3091.png,1
test_128/3092.png,2
test_128/3093.png,2
test_128/3094.png,3
test_128/3095.png,3
test_128/3096.png,0
test_128/3097.png,0
test_128/3098.png,4
test_128/3099.png,4
test_128/31.png,2
test_128/310.png,3
test_128/3100.png,4
test_128/3101.png,4
test_128/3102.png,1
test_128/3103.png,1
test_128/3104.png,2
test_128/3105.png,2
test_128/3106.png,3
test_128/3107.png,3
test_128/3108.png,3
test_128/3109.png,0
test_128/311.png,3
test_128/3110.png,0
test_128/3111.png,0
test_128/3112.png,0
test_128/3113.png,0
test_128/3114.png,4
test_128/3115.png,4
test_128/3116.png,1
test_128/3117.png,1
test_128/3118.png,1
test_128/3119.png,1
test_128/312.png,1
test_128/3120.png,1
test_128/3121.png,1
test_128/3122.png,0
test_128/3123.png,1
test_128/3124.png,2
test_128/3125.png,2
test_128/3126.png,2
test_128/3127.png,2
test_128/3128.png,2
test_128/3129.png,3
test_128/313.png,2
test_128/3130.png,0
test_128/3131.png,0
test_128/3132.png,3
test_128/3133.png,4
test_128/3134.png,4
test_128/3135.png,1
test_128/3136.png,1
test_128/3137.png,1
test_128/3138.png,1
test_128/3139.png,1
test_128/314.png,2
test_128/3140.png,0
test_128/3141.png,2
test_128/3142.png,2
test_128/3143.png,2
test_128/3144.png,2
test_128/3145.png,3
test_128/3146.png,3
test_128/3147.png,3
test_128/3148.png,0
test_128/3149.png,0
test_128/315.png,2
test_128/3150.png,0
test_128/3151.png,4
test_128/3152.png,1
test_128/3153.png,0
test_128/3154.png,2
test_128/3155.png,3
test_128/3156.png,3
test_128/3157.png,3
test_128/3158.png,3
test_128/3159.png,0
test_128/316.png,3
test_128/3160.png,0
test_128/3161.png,0
test_128/3162.png,0
test_128/3163.png,4
test_128/3164.png,1
test_128/3165.png,1
test_128/3166.png,1
test_128/3167.png,1
test_128/3168.png,2
test_128/3169.png,2
test_128/317.png,3
test_128/3170.png,2
test_128/3171.png,2
test_128/3172.png,3
test_128/3173.png,0
test_128/3174.png,0
test_128/3175.png,0
test_128/3176.png,4
test_128/3177.png,4
test_128/3178.png,4
test_128/3179.png,4
test_128/318.png,3
test_128/3180.png,4
test_128/3181.png,4
test_128/3182.png,2
test_128/3183.png,2
test_128/3184.png,2
test_128/3185.png,3
test_128/3186.png,3
test_128/3187.png,3
test_128/3188.png,3
test_128/3189.png,0
test_128/319.png,3
test_128/3190.png,0
test_128/3191.png,3
test_128/3192.png,4
test_128/3193.png,4
test_128/3194.png,4
test_128/3195.png,1
test_128/3196.png,1
test_128/3197.png,1
test_128/3198.png,1
test_128/3199.png,1
test_128/32.png,3
test_128/320.png,3
test_128/3200.png,2
test_128/3201.png,2
test_128/3202.png,3
test_128/3203.png,3
test_128/3204.png,3
test_128/3205.png,0
test_128/3206.png,0
test_128/3207.png,4
test_128/3208.png,4
test_128/3209.png,4
test_128/321.png,0
test_128/3210.png,1
test_128/3211.png,2
test_128/3212.png,2
test_128/3213.png,2
test_128/3214.png,3
test_128/3215.png,3
test_128/3216.png,2
test_128/3217.png,1
test_128/3218.png,1
test_128/3219.png,1
test_128/322.png,0
test_128/3220.png,2
test_128/3221.png,2
test_128/3222.png,2
test_128/3223.png,2
test_128/3224.png,3
test_128/3225.png,3
test_128/3226.png,3
test_128/3227.png,3
test_128/3228.png,0
test_128/3229.png,4
test_128/323.png,4
test_128/3230.png,1
test_128/3231.png,4
test_128/3232.png,4
test_128/3233.png,1
test_128/3234.png,1
test_128/3235.png,1
test_128/3236.png,2
test_128/3237.png,3
test_128/3238.png,3
test_128/3239.png,3
test_128/324.png,1
test_128/3240.png,0
test_128/3241.png,0
test_128/3242.png,0
test_128/3243.png,0
test_128/3244.png,4
test_128/3245.png,4
test_128/3246.png,4
test_128/3247.png,4
test_128/3248.png,4
test_128/3249.png,1
test_128/325.png,0
test_128/3250.png,1
test_128/3251.png,1
test_128/3252.png,2
test_128/3253.png,2
test_128/3254.png,2
test_128/3255.png,3
test_128/3256.png,3
test_128/3257.png,3
test_128/3258.png,3
test_128/3259.png,3
test_128/326.png,1
test_128/3260.png,0
test_128/3261.png,0
test_128/3262.png,4
test_128/3263.png,4
test_128/3264.png,1
test_128/3265.png,4
test_128/3266.png,1
test_128/3267.png,1
test_128/3268.png,3
test_128/3269.png,0
test_128/327.png,2
test_128/3270.png,0
test_128/3271.png,4
test_128/3272.png,3
test_128/3273.png,4
test_128/3274.png,4
test_128/3275.png,1
test_128/3276.png,1
test_128/3277.png,1
test_128/3278.png,2
test_128/3279.png,2
test_128/328.png,2
test_128/3280.png,3
test_128/3281.png,3
test_128/3282.png,0
test_128/3283.png,0
test_128/3284.png,4
test_128/3285.png,0
test_128/3286.png,1
test_128/3287.png,2
test_128/3288.png,2
test_128/3289.png,3
test_128/329.png,3
test_128/3290.png,0
test_128/3291.png,3
test_128/3292.png,0
test_128/3293.png,0
test_128/3294.png,0
test_128/3295.png,0
test_128/3296.png,4
test_128/3297.png,4
test_128/3298.png,1
test_128/3299.png,1
test_128/33.png,3
test_128/330.png,3
test_128/3300.png,1
test_128/3301.png,2
test_128/3302.png,3
test_128/3303.png,3
test_128/3304.png,3
test_128/3305.png,3
test_128/3306.png,3
test_128/3307.png,3
test_128/3308.png,3
test_128/3309.png,0
test_128/331.png,0
test_128/3310.png,4
test_128/3311.png,1
test_128/3312.png,2
test_128/3313.png,2
test_128/3314.png,2
test_128/3315.png,2
test_128/3316.png,3
test_128/3317.png,3
test_128/3318.png,0
test_128/3319.png,0
test_128/332.png,4
test_128/3320.png,0
test_128/3321.png,0
test_128/3322.png,4
test_128/3323.png,4
test_128/3324.png,4
test_128/3325.png,4
test_128/3326.png,4
test_128/3327.png,1
test_128/3328.png,1
test_128/3329.png,1
test_128/333.png,4
test_128/3330.png,2
test_128/3331.png,2
test_128/3332.png,2
test_128/3333.png,2
test_128/3334.png,3
test_128/3335.png,3
test_128/3336.png,0
test_128/3337.png,0
test_128/3338.png,0
test_128/3339.png,4
test_128/334.png,4
test_128/3340.png,1
test_128/3341.png,1
test_128/3342.png,1
test_128/3343.png,1
test_128/3344.png,2
test_128/3345.png,1
test_128/3346.png,2
test_128/3347.png,2
test_128/3348.png,2
test_128/3349.png,3
test_128/335.png,4
test_128/3350.png,0
test_128/3351.png,0
test_128/3352.png,4
test_128/3353.png,1
test_128/3354.png,1
test_128/3355.png,2
test_128/3356.png,2
test_128/3357.png,2
test_128/3358.png,2
test_128/3359.png,3
test_128/336.png,4
test_128/3360.png,3
test_128/3361.png,0
test_128/3362.png,0
test_128/3363.png,4
test_128/3364.png,4
test_128/3365.png,1
test_128/3366.png,2
test_128/3367.png,2
test_128/3368.png,3
test_128/3369.png,3
test_128/337.png,1
test_128/3370.png,0
test_128/3371.png,0
test_128/3372.png,4
test_128/3373.png,4
test_128/3374.png,4
test_128/3375.png,4
test_128/3376.png,4
test_128/3377.png,1
test_128/3378.png,1
test_128/3379.png,1
test_128/338.png,1
test_128/3380.png,1
test_128/3381.png,2
test_128/3382.png,2
test_128/3383.png,2
test_128/3384.png,3
test_128/3385.png,3
test_128/3386.png,3
test_128/3387.png,0
test_128/3388.png,4
test_128/3389.png,4
test_128/339.png,2
test_128/3390.png,1
test_128/3391.png,1
test_128/3392.png,2
test_128/3393.png,3
test_128/3394.png,0
test_128/3395.png,4
test_128/3396.png,4
test_128/3397.png,4
test_128/3398.png,1
test_128/3399.png,1
test_128/34.png,4
test_128/340.png,2
test_128/3400.png,2
test_128/3401.png,2
test_128/3402.png,0
test_128/3403.png,0
test_128/3404.png,4
test_128/3405.png,4
test_128/3406.png,4
test_128/3407.png,1
test_128/3408.png,1
test_128/3409.png,3
test_128/341.png,2
test_128/3410.png,0
test_128/3411.png,0
test_128/3412.png,4
test_128/3413.png,4
test_128/3414.png,4
test_128/3415.png,4
test_128/3416.png,4
test_128/3417.png,4
test_128/3418.png,1
test_128/3419.png,1
test_128/342.png,2
test_128/3420.png,1
test_128/3421.png,2
test_128/3422.png,2
test_128/3423.png,2
test_128/3424.png,2
test_128/3425.png,2
test_128/3426.png,3
test_128/3427.png,3
test_128/3428.png,3
test_128/3429.png,3
test_128/343.png,2
test_128/3430.png,0
test_128/3431.png,0
test_128/3432.png,0
test_128/3433.png,0
test_128/3434.png,3
test_128/3435.png,4
test_128/3436.png,4
test_128/3437.png,4
test_128/3438.png,2
test_128/3439.png,1
test_128/344.png,2
test_128/3440.png,1
test_128/3441.png,1
test_128/3442.png,2
test_128/3443.png,3
test_128/3444.png,3
test_128/3445.png,0
test_128/3446.png,0
test_128/3447.png,4
test_128/3448.png,4
test_128/3449.png,4
test_128/345.png,3
test_128/3450.png,1
test_128/3451.png,1
test_128/3452.png,1
test_128/3453.png,1
test_128/3454.png,2
test_128/3455.png,2
test_128/3456.png,2
test_128/3457.png,2
test_128/3458.png,3
test_128/3459.png,3
test_128/346.png,3
test_128/3460.png,3
test_128/3461.png,3
test_128/3462.png,3
test_128/3463.png,3
test_128/3464.png,0
test_128/3465.png,0
test_128/3466.png,0
test_128/3467.png,0
test_128/3468.png,4
test_128/3469.png,4
test_128/347.png,3
test_128/3470.png,4
test_128/3471.png,1
test_128/3472.png,1
test_128/3473.png,1
test_128/3474.png,1
test_128/3475.png,3
test_128/3476.png,0
test_128/3477.png,0
test_128/3478.png,0
test_128/3479.png,0
test_128/348.png,3
test_128/3480.png,4
test_128/3481.png,1
test_128/3482.png,1
test_128/3483.png,1
test_128/3484.png,1
test_128/3485.png,3
test_128/3486.png,3
test_128/3487.png,3
test_128/3488.png,0
test_128/3489.png,0
test_128/349.png,3
test_128/3490.png,0
test_128/3491.png,4
test_128/3492.png,4
test_128/3493.png,1
test_128/3494.png,1
test_128/3495.png,1
test_128/3496.png,1
test_128/3497.png,3
test_128/3498.png,3
test_128/3499.png,4
test_128/35.png,3
test_128/350.png,3
test_128/351.png,0
test_128/352.png,4
test_128/353.png,4
test_128/354.png,4
test_128/355.png,1
test_128/356.png,1
test_128/357.png,2
test_128/358.png,2
test_128/359.png,2
test_128/36.png,0
test_128/360.png,3
test_128/361.png,2
test_128/362.png,3
test_128/363.png,3
test_128/364.png,3
test_128/365.png,3
test_128/366.png,0
test_128/367.png,0
test_128/368.png,4
test_128/369.png,4
test_128/37.png,0
test_128/370.png,4
test_128/371.png,2
test_128/372.png,3
test_128/373.png,3
test_128/374.png,3
test_128/375.png,0
test_128/376.png,0
test_128/377.png,4
test_128/378.png,4
test_128/379.png,1
test_128/38.png,0
test_128/380.png,1
test_128/381.png,2
test_128/382.png,2
test_128/383.png,2
test_128/384.png,2
test_128/385.png,2
test_128/386.png,2
test_128/387.png,2
test_128/388.png,3
test_128/389.png,3
test_128/39.png,4
test_128/390.png,3
test_128/391.png,3
test_128/392.png,3
test_128/393.png,0
test_128/394.png,0
test_128/395.png,1
test_128/396.png,1
test_128/397.png,1
test_128/398.png,3
test_128/399.png,0
test_128/4.png,3
test_128/40.png,4
test_128/400.png,0
test_128/401.png,0
test_128/402.png,4
test_128/403.png,1
test_128/404.png,1
test_128/405.png,2
test_128/406.png,2
test_128/407.png,2
test_128/408.png,2
test_128/409.png,2
test_128/41.png,4
test_128/410.png,3
test_128/411.png,3
test_128/412.png,3
test_128/413.png,3
test_128/414.png,3
test_128/415.png,0
test_128/416.png,0
test_128/417.png,0
test_128/418.png,4
test_128/419.png,4
test_128/42.png,4
test_128/420.png,1
test_128/421.png,1
test_128/422.png,1
test_128/423.png,1
test_128/424.png,2
test_128/425.png,2
test_128/426.png,3
test_128/427.png,3
test_128/428.png,3
test_128/429.png,3
test_128/43.png,4
test_128/430.png,0
test_128/431.png,0
test_128/432.png,4
test_128/433.png,4
test_128/434.png,4
test_128/435.png,4
test_128/436.png,4
test_128/437.png,1
test_128/438.png,2
test_128/439.png,2
test_128/44.png,1
test_128/440.png,2
test_128/441.png,3
test_128/442.png,3
test_128/443.png,3
test_128/444.png,3
test_128/445.png,0
test_128/446.png,0
test_128/447.png,0
test_128/448.png,0
test_128/449.png,0
test_128/45.png,1
test_128/450.png,4
test_128/451.png,4
test_128/452.png,1
test_128/453.png,2
test_128/454.png,2
test_128/455.png,2
test_128/456.png,2
test_128/457.png,3
test_128/458.png,3
test_128/459.png,3
test_128/46.png,1
test_128/460.png,3
test_128/461.png,3
test_128/462.png,0
test_128/463.png,0
test_128/464.png,0
test_128/465.png,0
test_128/466.png,0
test_128/467.png,4
test_128/468.png,4
test_128/469.png,4
test_128/47.png,1
test_128/470.png,4
test_128/471.png,1
test_128/472.png,1
test_128/473.png,1
test_128/474.png,1
test_128/475.png,0
test_128/476.png,2
test_128/477.png,2
test_128/478.png,2
test_128/479.png,2
test_128/48.png,2
test_128/480.png,2
test_128/481.png,3
test_128/482.png,3
test_128/483.png,3
test_128/484.png,3
test_128/485.png,3
test_128/486.png,0
test_128/487.png,0
test_128/488.png,0
test_128/489.png,0
test_128/49.png,2
test_128/490.png,0
test_128/491.png,0
test_128/492.png,0
test_128/493.png,4
test_128/494.png,1
test_128/495.png,4
test_128/496.png,1
test_128/497.png,1
test_128/498.png,1
test_128/499.png,1
test_128/5.png,3
test_128/50.png,2
test_128/500.png,2
test_128/501.png,0
test_128/502.png,2
test_128/503.png,2
test_128/504.png,3
test_128/505.png,3
test_128/506.png,0
test_128/507.png,0
test_128/508.png,0
test_128/509.png,0
test_128/51.png,2
test_128/510.png,4
test_128/511.png,4
test_128/512.png,4
test_128/513.png,1
test_128/514.png,1
test_128/515.png,2
test_128/516.png,2
test_128/517.png,2
test_128/518.png,2
test_128/519.png,3
test_128/52.png,3
test_128/520.png,3
test_128/521.png,3
test_128/522.png,3
test_128/523.png,0
test_128/524.png,0
test_128/525.png,0
test_128/526.png,0
test_128/527.png,0
test_128/528.png,0
test_128/529.png,4
test_128/53.png,3
test_128/530.png,1
test_128/531.png,1
test_128/532.png,2
test_128/533.png,0
test_128/534.png,3
test_128/535.png,3
test_128/536.png,0
test_128/537.png,0
test_128/538.png,0
test_128/539.png,0
test_128/54.png,3
test_128/540.png,0
test_128/541.png,0
test_128/542.png,0
test_128/543.png,4
test_128/544.png,4
test_128/545.png,4
test_128/546.png,4
test_128/547.png,1
test_128/548.png,1
test_128/549.png,1
test_128/55.png,3
test_128/550.png,1
test_128/551.png,1
test_128/552.png,1
test_128/553.png,1
test_128/554.png,2
test_128/555.png,2
test_128/556.png,0
test_128/557.png,3
test_128/558.png,3
test_128/559.png,3
test_128/56.png,0
test_128/560.png,3
test_128/561.png,0
test_128/562.png,1
test_128/563.png,2
test_128/564.png,0
test_128/565.png,2
test_128/566.png,0
test_128/567.png,3
test_128/568.png,3
test_128/569.png,3
test_128/57.png,4
test_128/570.png,3
test_128/571.png,3
test_128/572.png,3
test_128/573.png,0
test_128/574.png,4
test_128/575.png,4
test_128/576.png,1
test_128/577.png,1
test_128/578.png,1
test_128/579.png,1
test_128/58.png,4
test_128/580.png,2
test_128/581.png,2
test_128/582.png,2
test_128/583.png,2
test_128/584.png,2
test_128/585.png,3
test_128/586.png,0
test_128/587.png,0
test_128/588.png,0
test_128/589.png,4
test_128/59.png,4
test_128/590.png,4
test_128/591.png,4
test_128/592.png,2
test_128/593.png,4
test_128/594.png,1
test_128/595.png,1
test_128/596.png,2
test_128/597.png,3
test_128/598.png,3
test_128/599.png,3
test_128/6.png,4
test_128/60.png,2
test_128/600.png,3
test_128/601.png,0
test_128/602.png,0
test_128/603.png,0
test_128/604.png,0
test_128/605.png,4
test_128/606.png,1
test_128/607.png,1
test_128/608.png,1
test_128/609.png,1
test_128/61.png,2
test_128/610.png,2
test_128/611.png,2
test_128/612.png,2
test_128/613.png,3
test_128/614.png,3
test_128/615.png,3
test_128/616.png,0
test_128/617.png,0
test_128/618.png,0
test_128/619.png,0
test_128/62.png,3
test_128/620.png,4
test_128/621.png,4
test_128/622.png,1
test_128/623.png,1
test_128/624.png,1
test_128/625.png,1
test_128/626.png,2
test_128/627.png,0
test_128/628.png,3
test_128/629.png,3
test_128/63.png,2
test_128/630.png,3
test_128/631.png,3
test_128/632.png,0
test_128/633.png,4
test_128/634.png,4
test_128/635.png,4
test_128/636.png,1
test_128/637.png,1
test_128/638.png,2
test_128/639.png,2
test_128/64.png,2
test_128/640.png,2
test_128/641.png,2
test_128/642.png,3
test_128/643.png,3
test_128/644.png,3
test_128/645.png,0
test_128/646.png,0
test_128/647.png,4
test_128/648.png,1
test_128/649.png,1
test_128/65.png,2
test_128/650.png,1
test_128/651.png,2
test_128/652.png,2
test_128/653.png,2
test_128/654.png,3
test_128/655.png,3
test_128/656.png,3
test_128/657.png,3
test_128/658.png,3
test_128/659.png,0
test_128/66.png,0
test_128/660.png,0
test_128/661.png,0
test_128/662.png,0
test_128/663.png,4
test_128/664.png,4
test_128/665.png,1
test_128/666.png,1
test_128/667.png,2
test_128/668.png,3
test_128/669.png,3
test_128/67.png,0
test_128/670.png,3
test_128/671.png,3
test_128/672.png,0
test_128/673.png,4
test_128/674.png,4
test_128/675.png,2
test_128/676.png,2
test_128/677.png,3
test_128/678.png,0
test_128/679.png,0
test_128/68.png,4
test_128/680.png,0
test_128/681.png,4
test_128/682.png,4
test_128/683.png,4
test_128/684.png,4
test_128/685.png,1
test_128/686.png,1
test_128/687.png,2
test_128/688.png,2
test_128/689.png,3
test_128/69.png,4
test_128/690.png,3
test_128/691.png,3
test_128/692.png,3
test_128/693.png,0
test_128/694.png,0
test_128/695.png,0
test_128/696.png,0
test_128/697.png,0
test_128/698.png,0
test_128/699.png,0
test_128/7.png,4
test_128/70.png,4
test_128/700.png,4
test_128/701.png,4
test_128/702.png,1
test_128/703.png,1
test_128/704.png,1
test_128/705.png,2
test_128/706.png,2
test_128/707.png,3
test_128/708.png,3
test_128/709.png,3
test_128/71.png,4
test_128/710.png,0
test_128/711.png,0
test_128/712.png,4
test_128/713.png,4
test_128/714.png,4
test_128/715.png,1
test_128/716.png,1
test_128/717.png,1
test_128/718.png,2
test_128/719.png,2
test_128/72.png,4
test_128/720.png,2
test_128/721.png,2
test_128/722.png,2
test_128/723.png,3
test_128/724.png,3
test_128/725.png,3
test_128/726.png,3
test_128/727.png,0
test_128/728.png,0
test_128/729.png,0
test_128/73.png,1
test_128/730.png,4
test_128/731.png,4
test_128/732.png,1
test_128/733.png,1
test_128/734.png,2
test_128/735.png,2
test_128/736.png,2
test_128/737.png,2
test_128/738.png,2
test_128/739.png,3
test_128/74.png,1
test_128/740.png,3
test_128/741.png,3
test_128/742.png,3
test_128/743.png,0
test_128/744.png,4
test_128/745.png,4
test_128/746.png,4
test_128/747.png,4
test_128/748.png,1
test_128/749.png,2
test_128/75.png,2
test_128/750.png,2
test_128/751.png,2
test_128/752.png,3
test_128/753.png,3
test_128/754.png,0
test_128/755.png,0
test_128/756.png,0
test_128/757.png,4
test_128/758.png,4
test_128/759.png,4
test_128/76.png,2
test_128/760.png,4
test_128/761.png,1
test_128/762.png,1
test_128/763.png,1
test_128/764.png,2
test_128/765.png,2
test_128/766.png,2
test_128/767.png,2
test_128/768.png,3
test_128/769.png,3
test_128/77.png,2
test_128/770.png,3
test_128/771.png,0
test_128/772.png,3
test_128/773.png,3
test_128/774.png,0
test_128/775.png,0
test_128/776.png,0
test_128/777.png,0
test_128/778.png,0
test_128/779.png,0
test_128/78.png,2
test_128/780.png,0
test_128/781.png,4
test_128/782.png,4
test_128/783.png,2
test_128/784.png,3
test_128/785.png,0
test_128/786.png,0
test_128/787.png,0
test_128/788.png,4
test_128/789.png,4
test_128/79.png,2
test_128/790.png,1
test_128/791.png,1
test_128/792.png,1
test_128/793.png,1
test_128/794.png,1
test_128/795.png,2
test_128/796.png,3
test_128/797.png,3
test_128/798.png,3
test_128/799.png,3
test_128/8.png,4
test_128/80.png,0
test_128/800.png,3
test_128/801.png,0
test_128/802.png,0
test_128/803.png,1
test_128/804.png,2
test_128/805.png,2
test_128/806.png,2
test_128/807.png,2
test_128/808.png,2
test_128/809.png,3
test_128/81.png,0
test_128/810.png,3
test_128/811.png,3
test_128/812.png,3
test_128/813.png,3
test_128/814.png,0
test_128/815.png,0
test_128/816.png,4
test_128/817.png,4
test_128/818.png,4
test_128/819.png,4
test_128/82.png,0
test_128/820.png,4
test_128/821.png,1
test_128/822.png,1
test_128/823.png,1
test_128/824.png,0
test_128/825.png,2
test_128/826.png,2
test_128/827.png,3
test_128/828.png,3
test_128/829.png,0
test_128/83.png,0
test_128/830.png,0
test_128/831.png,4
test_128/832.png,4
test_128/833.png,4
test_128/834.png,1
test_128/835.png,1
test_128/836.png,1
test_128/837.png,2
test_128/838.png,2
test_128/839.png,2
test_128/84.png,0
test_128/840.png,2
test_128/841.png,2
test_128/842.png,2
test_128/843.png,3
test_128/844.png,3
test_128/845.png,3
test_128/846.png,0
test_128/847.png,0
test_128/848.png,0
test_128/849.png,0
test_128/85.png,0
test_128/850.png,0
test_128/851.png,0
test_128/852.png,0
test_128/853.png,4
test_128/854.png,1
test_128/855.png,1
test_128/856.png,1
test_128/857.png,1
test_128/858.png,2
test_128/859.png,2
test_128/86.png,1
test_128/860.png,2
test_128/861.png,3
test_128/862.png,3
test_128/863.png,0
test_128/864.png,0
test_128/865.png,0
test_128/866.png,0
test_128/867.png,0
test_128/868.png,0
test_128/869.png,0
test_128/87.png,2
test_128/870.png,4
test_128/871.png,4
test_128/872.png,4
test_128/873.png,4
test_128/874.png,4
test_128/875.png,1
test_128/876.png,1
test_128/877.png,1
test_128/878.png,1
test_128/879.png,2
test_128/88.png,2
test_128/880.png,3
test_128/881.png,3
test_128/882.png,3
test_128/883.png,3
test_128/884.png,4
test_128/885.png,0
test_128/886.png,4
test_128/887.png,4
test_128/888.png,4
test_128/889.png,3
test_128/89.png,2
test_128/890.png,1
test_128/891.png,1
test_128/892.png,2
test_128/893.png,2
test_128/894.png,2
test_128/895.png,1
test_128/896.png,2
test_128/897.png,3
test_128/898.png,3
test_128/899.png,0
test_128/9.png,4
test_128/90.png,2
test_128/900.png,0
test_128/901.png,4
test_128/902.png,4
test_128/903.png,4
test_128/904.png,4
test_128/905.png,4
test_128/906.png,1
test_128/907.png,1
test_128/908.png,1
test_128/909.png,2
test_128/91.png,3
test_128/910.png,2
test_128/911.png,2
test_128/912.png,3
test_128/913.png,3
test_128/914.png,0
test_128/915.png,0
test_128/916.png,0
test_128/917.png,4
test_128/918.png,4
test_128/919.png,4
test_128/92.png,3
test_128/920.png,4
test_128/921.png,1
test_128/922.png,1
test_128/923.png,1
test_128/924.png,2
test_128/925.png,3
test_128/926.png,0
test_128/927.png,3
test_128/928.png,0
test_128/929.png,0
test_128/93.png,0
test_128/930.png,4
test_128/931.png,4
test_128/932.png,4
test_128/933.png,4
test_128/934.png,4
test_128/935.png,1
test_128/936.png,2
test_128/937.png,1
test_128/938.png,1
test_128/939.png,1
test_128/94.png,0
test_128/940.png,1
test_128/941.png,2
test_128/942.png,2
test_128/943.png,2
test_128/944.png,2
test_128/945.png,3
test_128/946.png,3
test_128/947.png,3
test_128/948.png,3
test_128/949.png,3
test_128/95.png,0
test_128/950.png,3
test_128/951.png,0
test_128/952.png,0
test_128/953.png,0
test_128/954.png,4
test_128/955.png,4
test_128/956.png,4
test_128/957.png,4
test_128/958.png,1
test_128/959.png,1
test_128/96.png,4
test_128/960.png,1
test_128/961.png,2
test_128/962.png,2
test_128/963.png,2
test_128/964.png,3
test_128/965.png,3
test_128/966.png,3
test_128/967.png,0
test_128/968.png,4
test_128/969.png,1
test_128/97.png,1
test_128/970.png,1
test_128/971.png,1
test_128/972.png,3
test_128/973.png,4
test_128/974.png,0
test_128/975.png,0
test_128/976.png,4
test_128/977.png,4
test_128/978.png,4
test_128/979.png,1
test_128/98.png,1
test_128/980.png,1
test_128/981.png,2
test_128/982.png,2
test_128/983.png,2
test_128/984.png,2
test_128/985.png,2
test_128/986.png,3
test_128/987.png,4
test_128/988.png,0
test_128/989.png,0
test_128/99.png,1
test_128/990.png,0
test_128/991.png,0
test_128/992.png,0
test_128/993.png,0
test_128/994.png,4
test_128/995.png,4
test_128/996.png,0
test_128/997.png,1
test_128/998.png,1
test_128/999.png,1
